parameter,value,race_time,P1,P2,P3,P4,first_half_frac,shape_spread,v1,k,baseline
E0,30192.0,104.43731081253983,0.24999999731516034,0.24999999973002549,0.25000000165259856,0.2500000013022157,0.49999999704518583,4.337438214152556e-09,1.751098343505561,286.6375,50320.0
E0,32708.0,103.85944104150919,0.24999999979273826,0.249999999955182,0.2500000003953269,0.24999999985675297,0.49999999974792025,6.02588617892863e-10,1.7608413671177472,286.6375,50320.0
E0,35224.0,103.28838281664753,0.2500000022288519,0.24999999929986652,0.2499999979816327,0.2500000004896488,0.5000000015287184,4.2472191874587395e-09,1.7705766455283736,286.6375,50320.0
E0,37740.0,102.72404487534776,0.24999999997337985,0.25000000317697624,0.2500000021094425,0.24999999474020135,0.5000000031503561,8.436774889819532e-09,1.7803037277337748,286.6375,50320.0
E0,40256.0,102.16633665207588,0.24999999992985175,0.2500000031231435,0.2500000021143885,0.24999999483261623,0.5000000030529953,8.290527292453831e-09,1.7900220957721789,286.6375,50320.0
E0,42772.0,101.61516830834232,0.24999999974323242,0.24999999976739548,0.249999998591496,0.250000001897876,0.4999999995106279,3.3063800308763547e-09,1.7997313120901133,286.6375,50320.0
E0,45288.0,101.0704507612968,0.24999999827388256,0.2500000014048514,0.25000000292357555,0.2499999973976905,0.499999999678734,5.5258850550909955e-09,1.8094309452978141,286.6375,50320.0
E0,47804.0,100.53209571003035,0.24999999230536118,0.2500000144926582,0.24999998536149565,0.2500000078404849,0.5000000067980194,2.913116253777659e-08,1.81912059364874,286.6375,50320.0
E0,50320.0,100.00001565979855,0.2500000069993562,0.2500000031204067,0.24999999414098026,0.24999999573925683,0.5000000101197629,1.28583759473333e-08,1.828799662411968,286.6375,50320.0
E0,52836.0,99.47412394427097,0.2500000021812506,0.2499999977532733,0.25000000005732287,0.2500000000081533,0.49999999993452393,4.4279773181443716e-09,1.838468047296678,286.6375,50320.0
E0,55352.0,98.95433474584645,0.24999999999707231,0.2499999999990913,0.2500000000076995,0.2499999999961368,0.4999999999961636,1.1562695245714849e-11,1.848125203123736,286.6375,50320.0
E0,57868.0,98.44056311410131,0.25000000824889707,0.25000000366473685,0.24999999300293593,0.24999999508343024,0.5000000119136339,1.524596113244847e-08,1.857770701228039,286.6375,50320.0
E0,60384.0,97.93272498247848,0.2500000092354005,0.250000003920622,0.24999999211028584,0.2499999947336918,0.5000000131560225,1.7125114659677365e-08,1.8674043153280973,286.6375,50320.0
E0,62900.0,97.4307371832854,0.25000000005691236,0.2500000028279467,0.25000000283597357,0.24999999427916741,0.500000002884859,8.55680615252652e-09,1.8770257235592505,286.6375,50320.0
E0,65416.0,96.93451746093979,0.2499999999960169,0.24999999990370966,0.2500000001016386,0.2499999999986349,0.49999999989972654,1.9792892325121159e-10,1.8866344496593388,286.6375,50320.0
E0,67932.0,96.4439844841666,0.2499999982047154,0.25000000196322064,0.24999999934005632,0.2500000004920076,0.5000000001679361,3.7585052292676835e-09,1.896230255224579,286.6375,50320.0
E0,70448.0,95.95905785535547,0.24999999947923526,0.25000000238996467,0.24999999831742542,0.2499999998133746,0.5000000018691999,4.072539250277174e-09,1.9058127962929277,286.6375,50320.0
E0,72964.0,95.47965811873225,0.24999999718525223,0.249999999286835,0.2500000032091732,0.25000000031873965,0.49999999647208726,6.023920973152741e-09,1.9153818275263064,286.6375,50320.0
E0,75480.0,95.00570677736756,0.249999999243497,0.24999999815220875,0.2499999992635973,0.2500000033406969,0.4999999973957058,5.188488139129532e-09,1.9249370038575733,286.6375,50320.0
E0,77996.0,94.53712627804661,0.24999999800995495,0.24999999893579286,0.24999999975600082,0.25000000329825134,0.4999999969457478,5.288296384131641e-09,1.9344781109368892,286.6375,50320.0
E0,80512.0,94.07384003859553,0.2500000000101742,0.24999999992020916,0.250000000078074,0.2499999999915426,0.49999999993038335,1.5786483231750026e-10,1.9440048361747269,286.6375,50320.0
R,1000.0,105.92760237786803,0.25000000891802304,0.24999999432184336,0.24999999749212531,0.24999999926800837,0.5000000032398664,1.4596179681580779e-08,1.7264621248002308,286.6375,1250.0
R,1025.0,105.26604300219469,0.24999999955886065,0.24999999595345235,0.2499999989998578,0.25000000548782925,0.499999995512313,9.53437689910075e-09,1.7373123859029203,286.6375,1250.0
R,1050.0,104.62164388353273,0.2500000000887251,0.25000000001371936,0.24999999776451895,0.2500000021330366,0.5000000001024445,4.368517630970459e-09,1.7480130606500712,286.6375,1250.0
R,1075.0,103.99362287578874,0.24999999978721948,0.2499999998349676,0.2500000003376248,0.2500000000401882,0.4999999996221871,5.504053324223435e-10,1.758569372797862,286.6375,1250.0
R,1100.0,103.3812484602524,0.24999999919180982,0.24999999928515093,0.24999999800629408,0.25000000351674523,0.49999999847696075,5.510451150936291e-09,1.768986187679096,286.6375,1250.0
R,1125.0,102.78383552808174,0.25000000269351613,0.25000000001808936,0.24999999874848797,0.24999999853990662,0.5000000027116055,4.153609511892142e-09,1.7792680832549217,286.6375,1250.0
R,1150.0,102.20074159202284,0.2500000018452706,0.24999999928196875,0.24999999880902232,0.25000000006373824,0.5000000011272394,3.0362482805745827e-09,1.789419487582487,286.6375,1250.0
R,1175.0,101.63136337241286,0.2499999996349588,0.2500000039305364,0.24999999766080183,0.249999998773703,0.5000000035654952,6.269734564856577e-09,1.799444523802152,286.6375,1250.0
R,1200.0,101.07513371634512,0.250000011096761,0.25000001385178294,0.2500000000339508,0.24999997501750532,0.5000000249485439,3.8834277626964564e-08,1.809347018978257,286.6375,1250.0
R,1225.0,100.53151881123013,0.2500000001195905,0.250000000370164,0.25000000176750825,0.24999999774273715,0.5000000004897545,4.024771099730984e-09,1.8191309757879441,286.6375,1250.0
R,1250.0,100.00001565979855,0.2500000069993562,0.2500000031204067,0.24999999414098026,0.24999999573925683,0.5000000101197629,1.28583759473333e-08,1.828799662411968,286.6375,1250.0
R,1275.0,99.48014978784447,0.24999999992768474,0.2500000029601048,0.24999999904690592,0.24999999806530454,0.5000000028877896,4.894800231802776e-09,1.8383567017431879,286.6375,1250.0
R,1300.0,98.97147315955695,0.249999999796259,0.24999999903492687,0.2500000002211904,0.2500000009476237,0.49999999883118584,1.912696834249772e-09,1.8478051736606007,286.6375,1250.0
R,1325.0,98.47356227822688,0.2499999999162005,0.2499999987848679,0.25000000082745955,0.2500000004714721,0.49999999870106837,2.042591651374437e-09,1.8571482114620008,286.6375,1250.0
R,1350.0,97.98601645395809,0.2500000055245131,0.24999999738958234,0.24999999596200487,0.2500000011238997,0.5000000029140954,9.562508257454638e-09,1.866388721340053,286.6375,1250.0
R,1375.0,97.50845621820537,0.2500000003537835,0.24999999944299978,0.2500000007785125,0.24999999942470422,0.4999999997967833,1.353808259940692e-09,1.8755296395212089,286.6375,1250.0
R,1400.0,97.04052187552502,0.25,0.25,0.25,0.25,0.5,0.0,1.8845735417064458,286.6375,1250.0
R,1425.0,96.58187217343284,0.25,0.25,0.24999999999999997,0.24999999999999997,0.5,2.7755575615628914e-17,1.8935230378595365,286.6375,1250.0
R,1450.0,96.13218308247909,0.24999999835372524,0.25000000190257105,0.2500000006377584,0.2499999991059453,0.5000000002562963,3.548845800560585e-09,1.9023806111567891,286.6375,1250.0
R,1475.0,95.69114667434312,0.2500000019248612,0.2499999998290929,0.24999999808804496,0.250000000158001,0.5000000017539541,3.836816253599551e-09,1.911148574844695,286.6375,1250.0
R,1500.0,95.25847008898602,0.2500000000308468,0.2500000002896126,0.2499999998361435,0.2499999998433971,0.5000000003204594,4.5346912336263756e-10,1.9198292792924028,286.6375,1250.0
Cd,0.22499999999999998,89.89994769864909,0.2499999994524473,0.24999999970301245,0.250000000283727,0.2500000005608134,0.4999999991554598,1.1083660933497441e-09,2.0342614771431493,214.978125,0.3
Cd,0.23249999999999998,91.00166383630837,0.2499999972225576,0.24999999965318248,0.2500000026997363,0.25000000042452364,0.4999999968757401,5.477178710577846e-09,2.009633608026276,222.1440625,0.3
Cd,0.24,92.080235612672,0.24999999934395,0.2500000022160954,0.24999999908470005,0.2499999993552546,0.5000000015600454,3.131395365230105e-09,1.9860939675391742,229.31000000000003,0.3
Cd,0.2475,93.13684519218091,0.24999999959696503,0.2500000031845686,0.2500000000589575,0.24999999715950877,0.5000000027815337,6.0250598399314015e-09,1.9635623250655412,236.47593750000001,0.3
Cd,0.255,94.17258085281179,0.2500000001185135,0.2500000010917198,0.24999999781212986,0.25000000097763664,0.5000000012102332,3.279589960714091e-09,1.9419665284435559,243.64187500000003,0.3
Cd,0.26249999999999996,95.18844695211214,0.2499999997892498,0.25000000059229305,0.24999999989080182,0.2499999997276553,0.5000000003815428,8.646377502863345e-10,1.9212415582972178,250.8078125,0.3
Cd,0.27,96.18537258334071,0.2500000000187126,0.2500000019296739,0.24999999953832738,0.24999999851328625,0.5000000019483866,3.4163876727610898e-09,1.9013286019956237,257.97375,0.3
Cd,0.27749999999999997,97.16421912608853,0.2500000001811967,0.24999999851925206,0.24999999972633297,0.2500000015732181,0.49999999870044876,3.0539660522688195e-09,1.8821743385816787,265.1396875,0.3
Cd,0.285,98.12578685738306,0.24999999876426493,0.25000000015694696,0.2500000002276395,0.25000000085114865,0.4999999989212119,2.0868837213861013e-09,1.8637302870219468,272.30562499999996,0.3
Cd,0.2925,99.07082076265657,0.25000000513267706,0.24999999706707685,0.24999999837847264,0.24999999942177348,0.5000000021997539,8.065600215489965e-09,1.8459521667178753,279.47156250000006,0.3
Cd,0.3,100.00001565979855,0.2500000069993562,0.2500000031204067,0.24999999414098026,0.24999999573925683,0.5000000101197629,1.28583759473333e-08,1.828799662411968,286.6375,0.3
Cd,0.3075,100.91402073440612,0.24999999974488385,0.24999999976376575,0.24999999856727964,0.2500000019240708,0.4999999995086496,3.356791150599392e-09,1.8122357909803366,293.80343750000003,0.3
Cd,0.315,101.81344356474838,0.2500000015715549,0.2500000033775398,0.2499999985797884,0.24999999647111695,0.5000000049490947,6.9064228502835334e-09,1.7962264357955184,300.969375,0.3
Cd,0.3225,102.69885370547627,0.25000000805495853,0.24999999958696104,0.24999999496149258,0.24999999739658793,0.5000000076419195,1.3093465950353433e-08,1.7807403637834869,308.13531250000005,0.3
Cd,0.33,103.5707858872497,0.25000000737490147,0.24999999930833752,0.24999999593013944,0.24999999738662163,0.500000006683239,1.1444762026968647e-08,1.7657488358174762,315.30125000000004,0.3
Cd,0.3375,104.42974288115502,0.24999999863013728,0.2499999951943294,0.25000000730290656,0.24999999887262672,0.4999999938244667,1.2108577168712387e-08,1.7512252348471862,322.4671875,0.3
Cd,0.345,105.27619806969015,0.2500000094358158,0.24999999638824488,0.24999999561715303,0.24999999855878627,0.5000000058240607,1.3818662769615742e-08,1.73714473404948,329.633125,0.3
Cd,0.35250000000000004,106.11059776000363,0.25000000003028927,0.2500000019844099,0.24999999710836687,0.250000000876934,0.5000000020146992,4.87604304155731e-09,1.723484777566449,336.7990625000001,0.3
Cd,0.36,106.93336327011872,0.25000000777194425,0.24999999907075107,0.2499999953986905,0.24999999775861415,0.5000000068426953,1.2373253754915936e-08,1.7102239069457117,343.965,0.3
Cd,0.3675,107.7448928147399,0.249999999692178,0.25000000193249344,0.250000000131142,0.2499999982441866,0.5000000016246715,3.6883068543769326e-09,1.6973426345100906,351.13093749999996,0.3
Cd,0.375,108.54556319729701,0.25000000000000006,0.25,0.25,0.25000000000000006,0.5,5.551115123125783e-17,1.684822434129247,358.29687500000006,0.3
A,0.1955,94.17258085281179,0.2500000001185135,0.2500000010917198,0.24999999781212986,0.25000000097763664,0.5000000012102332,3.279589960714091e-09,1.9419665284435559,243.641875,0.23
A,0.19895000000000002,94.78442380453924,0.24999999971373746,0.25000000099538683,0.2500000013872569,0.24999999790361876,0.5000000007091243,3.4836381557212803e-09,1.9294309430686079,247.9414375,0.23
A,0.2024,95.3893188196235,0.250000000313103,0.25000000028818614,0.24999999895701236,0.2500000004416986,0.5000000006012891,1.4846862628203894e-09,1.9171957828609296,252.24099999999996,0.23
A,0.20585,95.98746042909592,0.24999999908276696,0.2499999994163173,0.24999999809002446,0.2500000034108912,0.4999999984990843,5.320866719449313e-09,1.905248871607185,256.54056249999996,0.23
A,0.2093,96.57903457277183,0.2500000001474535,0.24999999797605268,0.24999999875389525,0.25000000312259857,0.49999999812350615,5.146545883905063e-09,1.8935786705792303,260.840125,0.23
A,0.21275,97.16421912608853,0.2500000001811967,0.24999999851925206,0.24999999972633297,0.2500000015732181,0.49999999870044876,3.0539660522688195e-09,1.8821743385816787,265.1396875,0.23
A,0.2162,97.74318436731711,0.25000000483988016,0.25000000274342904,0.2499999959834826,0.24999999643320825,0.5000000075833092,8.856397559764417e-09,1.871025561969326,269.43925,0.23
A,0.21965,98.31609341834907,0.24999999914882548,0.24999999916432353,0.2500000009636548,0.2500000007231963,0.499999998313149,1.8148293423614348e-09,1.8601227353946068,273.73881249999994,0.23
A,0.22310000000000002,98.88310265220437,0.2500000080603364,0.2500000035709311,0.24999999319062552,0.24999999517810695,0.5000000116312675,1.4869710879272802e-08,1.8494564713137671,278.038375,0.23
A,0.22655,99.44436207141031,0.25000000210630197,0.2499999978217136,0.25000000007542067,0.24999999999656372,0.4999999999280156,4.284588378533627e-09,1.8390182676004612,282.33793749999995,0.23
A,0.23,100.00001565979855,0.2500000069993562,0.2500000031204067,0.24999999414098026,0.24999999573925683,0.5000000101197629,1.28583759473333e-08,1.828799662411968,286.6375,0.23
A,0.23345000000000002,100.55020170990494,0.2500000030779228,0.25000000068834877,0.24999999873213796,0.24999999750159044,0.5000000037662715,5.5763323680846355e-09,1.8187929475871245,290.9370625,0.23
A,0.2369,101.09505312806455,0.250000002799788,0.2500000005387352,0.24999999888620086,0.24999999777527587,0.5000000033385232,5.024512139684134e-09,1.8089905716774444,295.23662499999995,0.23
A,0.24035,101.63469771889976,0.2500000003449087,0.2500000011810588,0.24999999755014587,0.2500000009238867,0.5000000015259676,3.6309129314293642e-09,1.7993854840155088,299.5361875,0.23
A,0.24380000000000002,102.1692584510339,0.2500000002583759,0.24999999971947365,0.2500000003834448,0.2499999996387057,0.4999999999778495,7.447390759640626e-10,1.7899709030250108,303.83575,0.23
A,0.24725000000000003,102.69885370547632,0.25000000805495853,0.24999999958696104,0.24999999496149256,0.24999999739658788,0.5000000076419195,1.3093465978109009e-08,1.780740363783486,308.1353125,0.23
A,0.25070000000000003,103.22359750759493,0.2500000002241582,0.2500000085736341,0.24999999730670783,0.2499999938954999,0.5000000087977923,1.467813418032371e-08,1.7716879110182915,312.434875,0.23
A,0.25415,103.74359974499785,0.24999999411556095,0.25000000017162366,0.2500000054514318,0.25000000026138347,0.4999999942871846,1.133587085311305e-08,1.7628075828687713,316.73443749999996,0.23
A,0.2576,104.25896637121306,0.24999999805444978,0.25000000250570553,0.25000000216224394,0.24999999727760075,0.5000000005601553,5.228104782428744e-09,1.7540937512469323,321.034,0.23
A,0.26105,104.7697995969577,0.25000000021925123,0.24999999801751813,0.24999999957387248,0.2500000021893581,0.4999999982367693,4.171839956823575e-09,1.7455411821263405,325.33356249999997,0.23
A,0.2645,105.27619806969015,0.2500000094358158,0.24999999638824488,0.24999999561715303,0.24999999855878627,0.5000000058240607,1.3818662769615742e-08,1.73714473404948,329.633125,0.23
rho,987.03,99.6301958609517,0.24999999995244526,0.24999999823550084,0.24999999849498358,0.2500000033170704,0.4999999981879461,5.081569554032939e-09,1.8355880810474632,283.771125,997.0
rho,988.0269999999999,99.66728833798129,0.24999999875137932,0.2500000010100273,0.2500000004242485,0.2499999998143448,0.49999999976140663,2.2586479631048206e-09,1.834904951895826,284.0577625,997.0
rho,989.024,99.70435615106139,0.25000000084171253,0.2499999996266137,0.2499999985110576,0.25000000102061604,0.5000000004683263,2.509558449936833e-09,1.8342227606102806,284.3444,997.0
rho,990.021,99.74139934127471,0.25000000203838324,0.2500000006274965,0.2499999980142904,0.24999999931982986,0.5000000026658797,4.024092836729665e-09,1.833541535577825,284.6310375,997.0
rho,991.018,99.7784179495898,0.2500000005258697,0.2500000030557445,0.24999999884977628,0.24999999756860947,0.5000000035816141,5.4871350241292305e-09,1.8328612877757864,284.91767500000003,997.0
rho,992.015,99.81541201684954,0.2500000007662648,0.2500000041799562,0.24999999869074185,0.24999999636303707,0.500000004946221,7.816919139758127e-09,1.832181982163141,285.2043125,997.0
rho,993.012,99.85238158381271,0.25000000282684975,0.2500000003037606,0.24999999911381673,0.24999999775557308,0.5000000031306103,5.071276676371639e-09,1.8315036159513092,285.49095,997.0
rho,994.009,99.88932669111107,0.2500000029890538,0.25000000033961434,0.2499999990236277,0.24999999764770414,0.5000000033286681,5.341349640364257e-09,1.8308262140856086,285.77758750000004,997.0
rho,995.006,99.9262473792682,0.24999999998960856,0.24999999997073716,0.24999999998564654,0.25000000005400774,0.4999999999603457,8.327058487189731e-11,1.8301497835046674,286.064225,997.0
rho,996.003,99.96314368873439,0.2500000081430365,0.25000000340095574,0.2499999931258612,0.24999999533014658,0.5000000115439922,1.5017175336584643e-08,1.829474217144056,286.35086250000006,997.0
rho,997.0,100.00001565979855,0.2500000069993562,0.2500000031204067,0.24999999414098026,0.24999999573925683,0.5000000101197629,1.28583759473333e-08,1.828799662411968,286.6375,997.0
rho,997.997,100.03686333267692,0.2500000061145147,0.2500000028634561,0.24999999492555192,0.24999999609647736,0.5000000089779708,1.1188962756314424e-08,1.828126047084613,286.9241375,997.0
rho,998.994,100.07368674746768,0.25000000186814525,0.24999999836377593,0.24999999959715097,0.250000000170928,0.5000000002319211,3.5043693225045303e-09,1.8274533953656114,287.210775,997.0
rho,999.991,100.1104859441671,0.24999999852291466,0.24999999995418934,0.25000000103649006,0.250000000486406,0.49999999847710397,2.5135754033733804e-09,1.8267816738249776,287.49741250000005,997.0
rho,1000.988,100.14726096268838,0.24999999865388195,0.2499999987335987,0.2500000007090581,0.25000000190346117,0.4999999973874807,3.2495792168241167e-09,1.8261108614128492,287.78405000000004,997.0
rho,1001.985,100.1840118427986,0.2500000024836641,0.24999999980508358,0.24999999827858982,0.24999999943266243,0.5000000022887476,4.2050742887767e-09,1.825440954292307,288.0706875,997.0
rho,1002.982,100.22073862418266,0.2500000017092274,0.24999999995140365,0.24999999869983466,0.24999999963953434,0.5000000016606311,3.0093927627650174e-09,1.824772010865405,288.35732499999995,997.0
rho,1003.979,100.25744134640915,0.24999999832110584,0.24999999854680913,0.2500000009064086,0.25000000222567637,0.49999999686791496,3.904570528012741e-09,1.8241040143470084,288.64396250000004,997.0
rho,1004.976,100.29412004896085,0.24999999971161754,0.25000000034636644,0.24999999800571424,0.2500000019363018,0.500000000057984,3.930587549882958e-09,1.8234369085812858,288.9306,997.0
rho,1005.9730000000001,100.33077477120602,0.2499999997289139,0.25000000035201053,0.249999998114071,0.25000000180500453,0.5000000000809244,3.6909335310308933e-09,1.8227707362506058,289.2172375,997.0
rho,1006.97,100.36740555240398,0.24999999951659238,0.2499999986702615,0.24999999895816485,0.2500000028549812,0.49999999818685387,4.184719709643403e-09,1.8221054868070368,289.503875,997.0
eta_p,0.51,106.1593137880128,0.2499999987193995,0.2500000024232597,0.25000000023495617,0.24999999862238464,0.5000000011426592,3.800875059134512e-09,1.722693887245484,337.22058823529403,0.6
eta_p,0.519,105.47986075850618,0.2500000019723753,0.24999999864427835,0.2499999996214717,0.24999999976187465,0.5000000006166536,3.3280969646831693e-09,1.7337906709591488,331.37283236994216,0.6
eta_p,0.528,104.81601762085012,0.25000000015023366,0.2499999992788658,0.25000000049818816,0.25000000007271245,0.49999999942909945,1.2193223652978702e-09,1.744771496200428,325.72443181818176,0.6
eta_p,0.537,104.16716946882373,0.2500000036715958,0.249999999602046,0.2499999975387897,0.24999999918756857,0.5000000032736418,6.132806096292853e-09,1.7556394999183362,320.2653631284916,0.6
eta_p,0.546,103.53273539955528,0.2499999990904945,0.2499999972435898,0.2500000033932891,0.25000000027262653,0.4999999963340843,6.149699305346701e-09,1.766397844696635,314.98626373626365,0.6
eta_p,0.5549999999999999,102.91216610970747,0.2500000014458976,0.24999999823533386,0.24999999974809903,0.2500000005706695,0.4999999996812315,3.2105637592927394e-09,1.7770493602023825,309.8783783783784,0.6
eta_p,0.564,102.30494169737435,0.24999999863268244,0.25000000074061524,0.25000000035260694,0.2500000002740953,0.49999999937329764,2.1079328005324527e-09,1.7875969426891698,304.93351063829783,0.6
eta_p,0.573,101.71056964918304,0.25000000170671677,0.2499999984597853,0.24999999973415826,0.25000000009933965,0.500000000166502,3.2469314736882637e-09,1.7980432061514018,300.1439790575916,0.6
eta_p,0.582,101.12858299435668,0.25000000041405507,0.25000000249889776,0.24999999578015092,0.25000000130689626,0.5000000029129528,6.718746836664735e-09,1.8083908058646068,295.5025773195876,0.6
eta_p,0.591,100.55853860949937,0.2499999997303424,0.24999999974231693,0.2499999985112659,0.2500000020160748,0.49999999947265933,3.5048089153111306e-09,1.8186421832107251,291.00253807106594,0.6
eta_p,0.6,100.00001565979855,0.2500000069993562,0.2500000031204067,0.24999999414098026,0.24999999573925683,0.5000000101197629,1.28583759473333e-08,1.828799662411968,286.6375,0.6
eta_p,0.609,99.45261416368915,0.25000000245697374,0.24999999981743196,0.24999999827717664,0.24999999944841764,0.5000000022744057,4.1797970917745175e-09,1.8388656722655097,282.4014778325123,0.6
eta_p,0.618,98.91595366965797,0.2500000001850862,0.250000003090228,0.2500000027150592,0.2499999940096267,0.5000000032753142,9.08060132642774e-09,1.8488423058160672,278.2888349514563,0.6
eta_p,0.627,98.38967203474161,0.2499999997567948,0.24999999851642585,0.250000000988869,0.2500000007379105,0.4999999982732206,2.4724431391121016e-09,1.8587316777855927,274.2942583732057,0.6
eta_p,0.636,97.87342429620739,0.2499999947647031,0.24999999733993022,0.2500000042547304,0.2500000036406364,0.4999999921046333,9.490027291780834e-09,1.8685358680845816,270.41273584905656,0.6
eta_p,0.645,97.36688162645035,0.2500000009012513,0.24999999985570562,0.2499999991314075,0.25000000011163553,0.5000000007569569,1.7698437992930138e-09,1.878256716101259,266.6395348837209,0.6
eta_p,0.6539999999999999,96.86973036652927,0.25,0.25,0.24999999999999997,0.24999999999999997,0.5,2.7755575615628914e-17,1.887896242799797,262.9701834862385,0.6
eta_p,0.663,96.3816711288569,0.2500000014636378,0.25000000016581114,0.24999999804328302,0.2500000003272681,0.500000001629449,3.4203548049394072e-09,1.8974561945996906,259.40045248868773,0.6
eta_p,0.6719999999999999,95.9024179647732,0.2500000000954609,0.2500000001930539,0.24999999995652158,0.24999999975496354,0.5000000002885148,4.380903695366811e-10,1.9069383630905299,255.92633928571428,0.6
eta_p,0.6809999999999999,95.43169759115037,0.24999999992055658,0.2499999999793931,0.2500000000234762,0.250000000076574,0.4999999998999497,1.5601744896009961e-10,1.9163444083496362,252.54405286343612,0.6
eta_p,0.69,94.96924867059826,0.25000000018160196,0.25000000104683934,0.2499999988229229,0.24999999994863598,0.5000000012284413,2.2239164398918376e-09,1.9256759680333533,249.25,0.6
eta_g,0.17,106.1593137880128,0.2499999987193995,0.2500000024232597,0.25000000023495617,0.24999999862238464,0.5000000011426592,3.800875059134512e-09,1.722693887245484,337.22058823529403,0.2
eta_g,0.17300000000000001,105.47986075850618,0.2500000019723753,0.24999999864427835,0.2499999996214717,0.24999999976187465,0.5000000006166536,3.3280969646831693e-09,1.7337906709591488,331.37283236994216,0.2
eta_g,0.17600000000000002,104.81601762085012,0.25000000015023366,0.2499999992788658,0.25000000049818816,0.25000000007271245,0.49999999942909945,1.2193223652978702e-09,1.744771496200428,325.72443181818176,0.2
eta_g,0.179,104.16716946882373,0.2500000036715958,0.249999999602046,0.2499999975387897,0.24999999918756857,0.5000000032736418,6.132806096292853e-09,1.7556394999183362,320.2653631284916,0.2
eta_g,0.182,103.53273539955191,0.2500000010935117,0.24999999979854837,0.24999999998060482,0.24999999912733506,0.5000000008920601,1.9661766659240243e-09,1.7663978305441912,314.9862637362637,0.2
eta_g,0.185,102.9121661097033,0.2500000017156766,0.24999999956766453,0.24999999990613933,0.24999999881051965,0.5000000012833411,2.9051569483407036e-09,1.7770493582848121,309.87837837837833,0.2
eta_g,0.188,102.30494169737435,0.24999999863268244,0.25000000074061524,0.25000000035260694,0.2500000002740953,0.49999999937329764,2.1079328005324527e-09,1.7875969426891698,304.93351063829783,0.2
eta_g,0.191,101.71056964918304,0.25000000170671677,0.2499999984597853,0.24999999973415826,0.25000000009933965,0.500000000166502,3.2469314736882637e-09,1.7980432061514018,300.1439790575916,0.2
eta_g,0.194,101.12858299435668,0.25000000041405507,0.25000000249889776,0.24999999578015092,0.25000000130689626,0.5000000029129528,6.718746836664735e-09,1.8083908058646068,295.5025773195876,0.2
eta_g,0.197,100.55853860949937,0.2499999997303424,0.24999999974231693,0.2499999985112659,0.2500000020160748,0.49999999947265933,3.5048089153111306e-09,1.8186421832107251,291.00253807106594,0.2
eta_g,0.2,100.00001565979855,0.2500000069993562,0.2500000031204067,0.24999999414098026,0.24999999573925683,0.5000000101197629,1.28583759473333e-08,1.828799662411968,286.6375,0.2
eta_g,0.20299999999999999,99.45261416368915,0.25000000245697374,0.24999999981743196,0.24999999827717664,0.24999999944841764,0.5000000022744057,4.1797970917745175e-09,1.8388656722655097,282.4014778325123,0.2
eta_g,0.206,98.91595366965797,0.2500000001850862,0.250000003090228,0.2500000027150592,0.2499999940096267,0.5000000032753142,9.08060132642774e-09,1.8488423058160672,278.2888349514563,0.2
eta_g,0.209,98.38967203462394,0.2499999997877603,0.2499999986993615,0.2500000008666703,0.250000000646208,0.4999999984871218,2.1673088046458844e-09,1.858731677557589,274.29425837320576,0.2
eta_g,0.212,97.87342429620966,0.2500000011180042,0.25000000023025504,0.24999999843624202,0.2500000002154988,0.5000000013482593,2.68176217343985e-09,1.8685358205990545,270.4127358490566,0.2
eta_g,0.215,97.36688162645035,0.2500000009012513,0.24999999985570562,0.2499999991314075,0.25000000011163553,0.5000000007569569,1.7698437992930138e-09,1.878256716101259,266.6395348837209,0.2
eta_g,0.21799999999999997,96.86973036648138,0.25000000180625914,0.24999999991451682,0.24999999886125432,0.2499999994179697,0.500000001720776,2.945004823340369e-09,1.887896229160611,262.97018348623857,0.2
eta_g,0.22099999999999997,96.38167112885698,0.2500000014636378,0.2500000001658111,0.24999999804328302,0.2500000003272681,0.5000000016294489,3.4203548049394072e-09,1.8974561945996886,259.4004524886878,0.2
eta_g,0.22399999999999998,95.9024179647732,0.2500000000954609,0.2500000001930539,0.24999999995652158,0.24999999975496354,0.5000000002885148,4.380903695366811e-10,1.9069383630905299,255.92633928571428,0.2
eta_g,0.22699999999999998,95.43169759115037,0.24999999992055658,0.2499999999793931,0.2500000000234762,0.250000000076574,0.4999999998999497,1.5601744896009961e-10,1.9163444083496362,252.54405286343612,0.2
eta_g,0.22999999999999998,94.96924867059826,0.25000000018160196,0.25000000104683934,0.2499999988229229,0.24999999994863598,0.5000000012284413,2.2239164398918376e-09,1.9256759680333533,249.25,0.2
tau,0.0,100.00001565979855,0.2500000069993562,0.2500000031204067,0.24999999414098026,0.24999999573925683,0.5000000101197629,1.28583759473333e-08,1.828799662411968,286.6375,0.0
tau,2.0,100.52869231957447,0.2500000000634324,0.2499999991526624,0.24999999957729535,0.25000000120660987,0.49999999921609484,2.053947456559513e-09,1.8191821233706464,286.6375,0.0
tau,4.0,101.0635638780967,0.24999999966101735,0.24999999965919378,0.24999999834817202,0.2500000023316169,0.4999999993202111,3.983444879507303e-09,1.8095542372576847,286.6375,0.0
tau,6.0,101.60471609047994,0.24999999974093007,0.24999999976461143,0.2499999985847854,0.25000000190967314,0.4999999995055415,3.324887754008188e-09,1.7999164529593144,286.6375,0.0
tau,8.0,102.15222951526303,0.24999999736974376,0.2500000008188424,0.2500000009027712,0.25000000090864277,0.49999999818858615,3.5388990071716364e-09,1.7902693146482929,286.6375,0.0
tau,10.0,102.70611363078194,0.2500000013648862,0.2500000044132776,0.249999999677813,0.24999999454402333,0.5000000057781637,9.869254247174553e-09,1.7806145373097604,286.6375,0.0
tau,12.0,103.26610792223616,0.2499999933669258,0.24999999998802885,0.2500000065633045,0.25000000008174084,0.49999999335495465,1.3196378711999301e-08,1.7709586284586527,286.6375,0.0
tau,14.0,103.83147521764283,0.24999999985445923,0.2500000027918043,0.2500000018197505,0.24999999553398597,0.5000000026462635,7.257818318562315e-09,1.7613156292263812,286.6375,0.0
tau,16.0,104.40097543681884,0.2500000000751056,0.24999999982406193,0.2500000001079622,0.24999999999287034,0.49999999989916755,2.8390026440838767e-10,1.7517077707356643,286.6375,0.0
tau,18.0,104.97301252784646,0.24999999535950015,0.2499999991004687,0.25000000431472685,0.2500000012253043,0.49999999445996884,8.955226699081109e-09,1.7421620947203498,286.6375,0.0
tau,20.0,105.5458387727073,0.2499999998094079,0.24999999682307913,0.25000000467921013,0.24999999868830283,0.49999999663248706,7.85613099574256e-09,1.7327068718763377,286.6375,0.0
tau,22.0,106.1177299749063,0.25000000469338013,0.2499999884311659,0.25000000985598597,0.249999997019468,0.499999993124546,2.142482008471447e-08,1.7233689093231106,286.6375,0.0
tau,24.0,106.6871015639397,0.24999999702606826,0.24999999974563575,0.250000003071568,0.250000000156728,0.49999999677170404,6.045499739704141e-09,1.7141716242603793,286.6375,0.0
tau,26.0,107.2525693410955,0.2500000017814891,0.24999999936936182,0.24999999783717752,0.2500000010119715,0.500000001150851,3.944311599557437e-09,1.7051339638791458,286.6375,0.0
tau,28.0,107.8129699787383,0.25000000019632806,0.25000000232952974,0.25000000246040904,0.24999999501373332,0.5000000025258577,7.4466757205016165e-09,1.6962708651143523,286.6375,0.0
tau,30.0,108.36735644139196,0.25,0.25,0.25,0.25,0.5,0.0,1.6875930723557562,286.6375,0.0
tau,32.0,108.91497994238443,0.25,0.25,0.25,0.25,0.5,0.0,1.6791078701638906,286.6375,0.0
tau,34.0,109.45526584453191,0.25,0.25,0.25,0.25,0.5,0.0,1.670819568057686,286.6375,0.0
tau,36.0,109.9877884136086,0.25,0.25,0.25,0.25,0.5,0.0,1.662730041559528,286.6375,0.0
tau,38.0,110.51224665301595,0.25,0.25,0.25,0.25,0.5,0.0,1.6548392195319566,286.6375,0.0
tau,40.0,111.02844253211643,0.25,0.25,0.25,0.25,0.5,0.0,1.6471455046043681,286.6375,0.0
beta_x,0.0,100.00001565979855,0.2500000069993562,0.2500000031204067,0.24999999414098026,0.24999999573925683,0.5000000101197629,1.28583759473333e-08,1.828799662411968,286.6375,0.0
beta_x,0.03,100.54935885327507,0.2490748097583125,0.2496936317113728,0.2503094004112199,0.2509221581190949,0.4987684414696853,0.0018473483607824026,1.8255641927479018,286.6375,0.0
beta_x,0.06,101.09176238609903,0.24817350611309882,0.2493990720098642,0.25061271150989106,0.2518147103671459,0.497572578122963,0.003641204254047098,1.8223636223140103,286.6375,0.0
beta_x,0.09,101.62746769197227,0.24729503593665306,0.24911567390240813,0.25091008939072423,0.25267920077021455,0.4964107098390612,0.0053841648335614944,1.8191969486692379,286.6375,0.0
beta_x,0.12,102.1567022719723,0.24643841951237286,0.24884284861236858,0.25120168915567137,0.25351704271958725,0.49528126812474144,0.007078623207214391,1.8160631319905554,286.6375,0.0
beta_x,0.15,102.67968082326885,0.2456027392810468,0.24858002837503101,0.2514876620003124,0.25432957034360987,0.4941827676560778,0.008726831062563056,1.8129611822059322,286.6375,0.0
beta_x,0.18,103.19660622083464,0.24478712419571905,0.24832670325850925,0.2517681565846644,0.25511801596110734,0.49311382745422827,0.01033089176538829,1.809890233283226,286.6375,0.0
beta_x,0.21,103.70767044312173,0.24399076691666058,0.2480823855960033,0.25204332138683383,0.25588352610050236,0.49207315251266387,0.011892759183841778,1.8068493785488366,286.6375,0.0
beta_x,0.24,104.21305537674102,0.24321289479095337,0.2478466309827466,0.2523132985470238,0.2566271756792763,0.49105952577369993,0.013414280888322916,1.8038378515782294,286.6375,0.0
beta_x,0.27,104.71293355666268,0.24245279416044033,0.24761901875500708,0.25257821825634813,0.2573499688282045,0.49007181291544744,0.014897174667764163,1.8008548157577315,286.6375,0.0
beta_x,0.3,105.2074688354986,0.24170977627061038,0.24739914549142392,0.252838232064172,0.2580528461737937,0.4891089217620343,0.01634306990318332,1.797899589348952,286.6375,0.0
beta_x,0.32999999999999996,105.69681699173282,0.2409832150655967,0.24718665504820345,0.2530934436697159,0.25873668621648394,0.48816987011380014,0.01775347115088724,1.7949713396762228,286.6375,0.0
beta_x,0.36,106.18112628367581,0.2402724814973677,0.24698119142554098,0.2533440076693014,0.2594023194077899,0.48725367292290866,0.019129837910422193,1.792069548955003,286.6375,0.0
beta_x,0.39,106.66053795498033,0.23957699795533324,0.24678244651533765,0.2535900298789101,0.2600505256504191,0.4863594444706709,0.02047352769508584,1.7891935888647654,286.6375,0.0
beta_x,0.42,107.13518669681591,0.2388962496495727,0.24659008814435604,0.2538316400647758,0.2606820221412955,0.48548633779392875,0.021785772491722782,1.7863426154744684,286.6375,0.0
beta_x,0.44999999999999996,107.6052010712111,0.23822968533870134,0.24640386496902766,0.2540689455472015,0.26129750414506947,0.48463355030772903,0.02306781880636813,1.7835162935863185,286.6375,0.0
beta_x,0.48,108.07070389951522,0.23757681889251756,0.24622347363352964,0.25430207346932665,0.26189763400462596,0.48380029252604717,0.0243208151121084,1.7807140224945073,286.6375,0.0
beta_x,0.51,108.5318126194572,0.23693720223729028,0.2460486779950546,0.25453111347771484,0.26248300628994026,0.4829858802323449,0.025545804052649973,1.7779351226478521,286.6375,0.0
beta_x,0.54,108.98863961383168,0.23631036721249268,0.24587922899462092,0.2547562008121572,0.26305420298072907,0.4821895962071136,0.026743835768236385,1.7751792584629436,286.6375,0.0
beta_x,0.57,109.44129251360081,0.23569590113584585,0.24571491203464946,0.25497739275163506,0.26361179407786967,0.4814108131704953,0.027915892942023818,1.7724458594869636,286.6375,0.0
beta_x,0.6,109.88987447779377,0.2350934108746449,0.24555549695559428,0.2551948252972677,0.26415626687249305,0.48064890783023917,0.029062855997848164,1.7697343781022243,286.6375,0.0
